time,mc energy,min energy
373236,8.419512240256458,-5.4997103075808985e-05
